FirstName,LastName,Email,Mobile,Gender,Status,ProfileImage,Location,Date Created
John,Doe,john@example.com,9876543210,Male,Active,john.png,New York,Thu Jan 29 2026 16:12:07 GMT+0530 (India Standard Time)
Jane,Smith,jane@example.com,9123456780,Female,Active,jane.png,London,Thu Jan 29 2026 16:12:07 GMT+0530 (India Standard Time)
Alice,Johnson,alice@example.com,9988776655,Female,Inactive,alice.png,Paris,Thu Jan 29 2026 16:12:07 GMT+0530 (India Standard Time)
Bob,Brown,bob@example.com,9012345678,Male,Active,bob.png,Tokyo,Thu Jan 29 2026 16:12:07 GMT+0530 (India Standard Time)
Charlie,Davis,charlie@example.com,9234567890,Male,Inactive,charlie.png,Berlin,Thu Jan 29 2026 16:12:07 GMT+0530 (India Standard Time)
Eve,Miller,eve@example.com,9345678901,Female,Active,eve.png,Sydney,Thu Jan 29 2026 16:12:07 GMT+0530 (India Standard Time)
Frank,Wilson,frank@example.com,9456789012,Male,Active,frank.png,Toronto,Thu Jan 29 2026 16:12:07 GMT+0530 (India Standard Time)
Grace,Taylor,grace@example.com,9567890123,Female,Inactive,grace.png,Rome,Thu Jan 29 2026 16:12:07 GMT+0530 (India Standard Time)
Hank,Anderson,hank@example.com,9678901234,Male,Active,hank.png,Dubai,Thu Jan 29 2026 16:12:07 GMT+0530 (India Standard Time)
Ivy,Thomas,ivy@example.com,9789012345,Female,Active,ivy.png,Singapore,Thu Jan 29 2026 16:12:07 GMT+0530 (India Standard Time)
Jack,Moore,jack@example.com,9890123456,Male,Inactive,jack.png,Los Angeles,Thu Jan 29 2026 16:12:07 GMT+0530 (India Standard Time)
Karen,Martin,karen@example.com,9901234567,Female,Active,karen.png,Chicago,Thu Jan 29 2026 16:12:07 GMT+0530 (India Standard Time)
Leo,Jackson,leo@example.com,9912345678,Male,Active,leo.png,Miami,Thu Jan 29 2026 16:12:07 GMT+0530 (India Standard Time)
Mia,White,mia@example.com,9923456789,Female,Inactive,mia.png,Barcelona,Thu Jan 29 2026 16:12:07 GMT+0530 (India Standard Time)
Nick,Harris,nick@example.com,9934567890,Male,Active,nick.png,Amsterdam,Thu Jan 29 2026 16:12:07 GMT+0530 (India Standard Time)
Olivia,Clark,olivia@example.com,9945678901,Female,Active,olivia.png,Vienna,Thu Jan 29 2026 16:12:07 GMT+0530 (India Standard Time)
Paul,Lewis,paul@example.com,9956789012,Male,Inactive,paul.png,Stockholm,Thu Jan 29 2026 16:12:07 GMT+0530 (India Standard Time)
Quinn,Robinson,quinn@example.com,9967890123,Female,Active,quinn.png,Copenhagen,Thu Jan 29 2026 16:12:07 GMT+0530 (India Standard Time)
Ryan,Walker,ryan@example.com,9978901234,Male,Active,ryan.png,Dublin,Thu Jan 29 2026 16:12:07 GMT+0530 (India Standard Time)
Sophia,Hall,sophia@example.com,9989012345,Female,Inactive,sophia.png,Lisbon,Thu Jan 29 2026 16:12:07 GMT+0530 (India Standard Time)
